Age,Fare,SibSp,Parch,Pclass_1,Pclass_3,Sex_female,Sex_male,Embarked_C,Embarked_S
-1.5051659793084833,-0.8161405877502704,0.816496580927726,0.0,0.0,1.0,0.0,1.0,0.0,1.0
1.1125139847062706,1.5303470605700333,0.816496580927726,0.0,1.0,0.0,1.0,0.0,1.0,0.0
-0.8507459883047949,-0.7914053458899226,-1.224744871391589,0.0,0.0,1.0,1.0,0.0,0.0,1.0
0.6216989914535042,0.8640236186155726,0.816496580927726,0.0,1.0,0.0,1.0,0.0,0.0,1.0
0.6216989914535042,-0.7868247455454138,-1.224744871391589,0.0,0.0,1.0,0.0,1.0,0.0,1.0
